encodings,names
"[array([-0.10757037,  0.07614441,  0.0638938 , -0.10874074, -0.04328372,
        0.02318825,  0.02285985, -0.05976102,  0.16272749, -0.0680102 ,
        0.27235126, -0.03462243, -0.24026658,  0.00704514,  0.00764752,
        0.09252174, -0.24581504, -0.11132448, -0.07237764, -0.02494651,
        0.05424315,  0.06470723,  0.07739253,  0.06631912, -0.22905707,
       -0.33979297, -0.08454156, -0.1156061 ,  0.04825467, -0.04145604,
        0.04604046,  0.08993997, -0.15232269,  0.00967307,  0.01123002,
        0.10503671, -0.06192227, -0.16098902,  0.26688641,  0.049525  ,
       -0.24806815, -0.06436057,  0.01126246,  0.34887475,  0.24428946,
       -0.0654541 ,  0.01401064, -0.01197077,  0.05908157, -0.30194598,
        0.02200762,  0.18073705,  0.07061357,  0.05697091,  0.03062542,
       -0.09100292,  0.02556908,  0.11734805, -0.24255289, -0.0527561 ,
        0.03831138, -0.10761619,  0.07095225, -0.08948083,  0.2170139 ,
        0.0823991 , -0.18811479, -0.08316781,  0.16666636, -0.12267917,
       -0.0282211 ,  0.14423458, -0.17927606, -0.22431579, -0.25715071,
        0.03201875,  0.43564245,  0.11995868, -0.10177099,  0.02288089,
       -0.12222961, -0.08338717,  0.03275439,  0.19224428,  0.01428663,
       -0.00539663, -0.0774547 ,  0.10099067,  0.18763578, -0.0756421 ,
       -0.06549601,  0.24970753,  0.00484254, -0.06300057,  0.03766968,
        0.10943884, -0.0893475 ,  0.04354985, -0.10283412,  0.05925373,
        0.00079854, -0.03315785,  0.00329498,  0.15693288, -0.16187128,
        0.16412574,  0.02903555, -0.08242736,  0.03877075, -0.10740511,
       -0.0483298 , -0.08822114,  0.1520382 , -0.33879676,  0.04632613,
        0.1764144 , -0.00064972,  0.17345048,  0.00895134,  0.06086264,
       -0.00308603, -0.0199023 , -0.21811177, -0.02906138,  0.03488849,
        0.023318  ,  0.03461033, -0.00897453])]",1
"[array([-0.13262646,  0.09981676,  0.09624554, -0.11211111, -0.13916284,
       -0.03869126, -0.11856768, -0.15192159,  0.1824189 , -0.07793057,
        0.25206348, -0.0865159 , -0.31386903,  0.05957014, -0.19450794,
        0.12725858, -0.19297417, -0.08064599, -0.02917267, -0.07986694,
        0.07372326,  0.06636706, -0.04913701,  0.07671979, -0.10619301,
       -0.28176412, -0.05124754, -0.04255787,  0.05562643, -0.10165501,
        0.03389513,  0.05107125, -0.21723728,  0.00458817,  0.04966835,
        0.09463173, -0.03473452, -0.17544729,  0.13948773, -0.00386241,
       -0.16822259, -0.07617162,  0.08952515,  0.1888469 ,  0.18431877,
        0.01884964,  0.01261502, -0.16418563,  0.15401681, -0.32330975,
        0.01217987,  0.19440883,  0.03326957,  0.04231644,  0.09903075,
       -0.24553652, -0.00699612,  0.14093441, -0.18350554,  0.06314794,
        0.10910451, -0.06319483, -0.06831361, -0.14302117,  0.1839847 ,
        0.07822489, -0.16236475, -0.16654478,  0.24157904, -0.19547933,
        0.00240808,  0.14952505, -0.01583872, -0.22713636, -0.15587837,
        0.05622174,  0.40454096,  0.18475051, -0.09719031,  0.10771322,
       -0.10358227, -0.06389222, -0.03941273,  0.06720056,  0.00396074,
        0.00557956, -0.06921171, -0.01423214,  0.22317459, -0.009437  ,
        0.10303853,  0.35915947, -0.04226242, -0.04818114,  0.00845709,
        0.04355619, -0.1986353 ,  0.01732852, -0.04669476, -0.02742354,
        0.0382243 , -0.09995773,  0.02873218,  0.05764024, -0.19582063,
        0.13735557, -0.07558022, -0.01994301,  0.04030759, -0.12830099,
       -0.0549434 , -0.01665544,  0.22043529, -0.35144645,  0.18890397,
        0.06969486,  0.12179592,  0.19533327,  0.07048913,  0.10877725,
        0.09387125, -0.10178375, -0.12172882, -0.11972845, -0.02193372,
       -0.15020654, -0.06400402, -0.0114675 ])]",10688
"[array([-0.06565811,  0.17784131,  0.03841397,  0.02477948, -0.08632845,
        0.0849823 ,  0.01937078, -0.10613069,  0.15626709, -0.13588732,
        0.18198521, -0.00346003, -0.2291961 , -0.07235773,  0.08851843,
        0.09805381, -0.07635958, -0.12360136, -0.20568971, -0.11485367,
       -0.07254224,  0.06627939,  0.02733708, -0.0324926 , -0.25080064,
       -0.27148306, -0.07372733, -0.10852979,  0.10709036, -0.13310273,
       -0.02843163,  0.00911835, -0.08157951, -0.04107699,  0.05167339,
        0.0763756 , -0.09210877, -0.07743309,  0.19315699, -0.00485781,
       -0.16214967,  0.05846532,  0.06012208,  0.30465671,  0.21318816,
       -0.02896954,  0.04381463, -0.10243259,  0.17559667, -0.28870493,
        0.1272402 ,  0.05428917,  0.15538768,  0.14893611,  0.15707886,
       -0.14438969,  0.0340924 ,  0.18409956, -0.22242421,  0.07056588,
        0.0950169 , -0.0462262 , -0.04095039, -0.03610182,  0.19915302,
        0.16761483, -0.07589529, -0.16542479,  0.14917935, -0.22329254,
       -0.04041705,  0.12849727, -0.06079484, -0.1230639 , -0.30653372,
        0.05419767,  0.3556917 ,  0.24860588, -0.14062716, -0.05644872,
       -0.04449219,  0.00776279,  0.0277493 ,  0.02755958, -0.16010594,
       -0.11962916, -0.00321902,  0.02067162,  0.26839852,  0.01952531,
       -0.05233521,  0.19095407,  0.09153771, -0.05669997,  0.02387252,
       -0.05625517, -0.12130839, -0.1033955 , -0.05844571, -0.01218805,
       -0.0301612 , -0.15993169,  0.03559572,  0.14433399, -0.2830489 ,
        0.29082766, -0.03212819, -0.03655533,  0.05960617,  0.02026571,
       -0.04221268,  0.05982371,  0.20789894, -0.33846235,  0.17122531,
        0.17637104,  0.06487992,  0.11423793,  0.0158234 ,  0.06376466,
       -0.02940825,  0.06712699, -0.14626928, -0.09777431,  0.03135434,
       -0.12858079,  0.02046303,  0.0507725 ])]",10703
[],10706
[],10722
"[array([ 0.02688145,  0.12307495,  0.13770236, -0.12490108, -0.15349427,
       -0.03740818, -0.03620321, -0.09191495,  0.16344231, -0.09314365,
        0.14142242, -0.11483354, -0.29556638,  0.06084124, -0.06584974,
        0.1900734 , -0.13480571, -0.24201858, -0.13822667, -0.15732649,
        0.01456241,  0.11934532, -0.03778968,  0.05073617, -0.11953361,
       -0.26735377, -0.09337335, -0.09315722,  0.03835112, -0.08402869,
        0.06345886,  0.11555437, -0.14306861, -0.01239499,  0.08099768,
        0.06000418, -0.01348933, -0.17394668,  0.18246822,  0.01814823,
       -0.26112795,  0.04142275,  0.09340829,  0.29144198,  0.21090567,
        0.0516862 ,  0.04685004, -0.07473732,  0.1704378 , -0.25657284,
        0.05921511,  0.14180602,  0.12248584,  0.01667199,  0.04221941,
       -0.22911049,  0.05363931,  0.1350719 , -0.29955357,  0.06807809,
        0.14867322, -0.25018856, -0.03119398, -0.0657839 ,  0.22714078,
        0.01237976, -0.13045298, -0.20481423,  0.25097176, -0.17572451,
       -0.00934603,  0.16811758, -0.14328399, -0.07634103, -0.26065084,
        0.03886355,  0.51779991,  0.04934229, -0.06927633,  0.10637559,
       -0.08161388,  0.03129701, -0.05947405,  0.13129039, -0.03861107,
       -0.08966707, -0.16878662,  0.02529461,  0.24902701, -0.11856607,
       -0.0209425 ,  0.23921904, -0.01853221, -0.02950597, -0.04895259,
        0.05179712, -0.18419318,  0.02014199, -0.01947527,  0.00239133,
       -0.00648274, -0.03111848, -0.0343386 ,  0.0925914 , -0.15943769,
        0.13631879, -0.08180905, -0.02372273, -0.0746701 , -0.08250964,
       -0.04473682, -0.07183276,  0.21997607, -0.31575802,  0.06630754,
        0.15252756,  0.07644345,  0.12549204,  0.04442012,  0.07517315,
        0.06467761, -0.10453838, -0.26050588, -0.0944296 ,  0.07860918,
       -0.05293319,  0.02093811,  0.10181991])]",10743
"[array([-1.92355782e-01,  1.04781725e-01,  4.85616475e-02, -2.95037031e-02,
       -2.54064232e-01,  4.70269434e-02, -2.24588178e-02, -1.08774625e-01,
        1.42890766e-01, -8.89406055e-02,  1.24956653e-01,  5.43873571e-02,
       -2.46578261e-01,  1.92051064e-02,  3.97009775e-03,  1.21138886e-01,
       -1.03352956e-01, -1.97593570e-01, -1.90891609e-01, -8.73642117e-02,
       -1.07300967e-01,  9.23520699e-02, -2.34245751e-02,  7.67967198e-04,
       -8.12565684e-02, -3.34616631e-01, -2.21739653e-02, -6.17741719e-02,
        1.62855670e-01, -1.57539491e-02, -8.32226351e-02,  4.43722047e-02,
       -1.66513562e-01, -3.72246280e-02,  3.61705199e-03,  9.73040164e-02,
       -9.33823660e-02, -6.57029152e-02,  1.76384777e-01, -2.59696506e-03,
       -2.44480222e-01, -3.63593455e-03,  5.60323596e-02,  2.53504425e-01,
        2.31386244e-01,  5.40714264e-02,  5.08338772e-02, -7.57210255e-02,
        1.36382967e-01, -2.69855231e-01,  8.65063295e-02,  1.28055781e-01,
        9.78730172e-02,  8.45065340e-02,  5.66970035e-02, -2.18916714e-01,
       -8.87788925e-03,  1.29474282e-01, -1.40993819e-01,  1.43589765e-01,
        8.69012326e-02, -1.04075775e-01, -7.98641592e-02, -9.86034721e-02,
        2.56107390e-01,  1.04091741e-01, -9.59934592e-02, -1.51493207e-01,
        1.72926635e-01, -2.13084310e-01, -8.29211548e-02,  1.07117966e-01,
       -5.22808433e-02, -1.43228337e-01, -2.23218173e-01,  8.32833201e-02,
        4.30600822e-01,  1.80042028e-01, -1.87077314e-01, -4.97198999e-02,
       -4.88290656e-03, -6.03668280e-02,  8.63247290e-02,  9.91354808e-02,
       -1.21882990e-01, -1.08364895e-01, -1.36249334e-01, -4.80015911e-02,
        3.14084530e-01,  9.61711258e-03,  2.58081667e-02,  2.73331523e-01,
        1.03617176e-01, -1.46596599e-03,  1.12497006e-02,  1.44936025e-01,
       -1.19538441e-01, -3.12449206e-02, -6.84158280e-02, -5.75503260e-02,
        1.55984864e-01, -1.42257825e-01,  1.22671351e-02,  8.70389268e-02,
       -1.32502258e-01,  2.32304886e-01, -5.57687804e-02,  1.03247292e-01,
        7.33119398e-02, -6.23256862e-02, -2.42470130e-02, -4.38852832e-02,
        2.13424385e-01, -1.73907161e-01,  2.20110342e-01,  1.74701318e-01,
        1.29837329e-02,  1.47490114e-01,  9.15038809e-02,  9.33736563e-02,
        3.78839672e-04,  3.08138877e-03, -1.66297704e-01, -1.37429491e-01,
        6.69288188e-02, -1.33481517e-01,  1.97754949e-02,  1.32422641e-01])]",12928
"[array([-0.05820727,  0.09861625,  0.012988  ,  0.0022277 , -0.07110761,
       -0.00390231, -0.05393604, -0.13701658,  0.08521122, -0.03649822,
        0.23328349, -0.04617213, -0.24361724,  0.01086108, -0.11394069,
        0.13597694, -0.17405955, -0.07311901, -0.19767077, -0.1766182 ,
       -0.11067228,  0.0386995 , -0.07049192, -0.01857336, -0.04765044,
       -0.19616133, -0.01135602, -0.09967653,  0.19004153, -0.03322098,
        0.03106929,  0.01821837, -0.23138388, -0.07992642,  0.04372446,
        0.02784022, -0.13469766, -0.06350262,  0.28225875,  0.03335166,
       -0.1130957 ,  0.04856376,  0.07975937,  0.28730869,  0.26811767,
       -0.02695076, -0.02796221, -0.06267937,  0.15641962, -0.30546159,
       -0.00298235,  0.24412288,  0.17786652,  0.1132043 ,  0.08379005,
       -0.13278808,  0.06551414,  0.14609902, -0.15007283,  0.07274705,
        0.13427252, -0.06406134, -0.03556586, -0.0308551 ,  0.13782352,
        0.03287576, -0.05396466, -0.13076195,  0.24240401, -0.16303551,
       -0.0307605 ,  0.07769221, -0.05109571, -0.14990793, -0.28206187,
        0.06292237,  0.4303045 ,  0.20755619, -0.12487751,  0.06451246,
       -0.04994253, -0.09103043,  0.08847915, -0.01699564, -0.08412866,
       -0.15952073, -0.04960218, -0.01045488,  0.20309804,  0.0087134 ,
        0.01654421,  0.14816554, -0.00243521, -0.08272766,  0.01825532,
        0.02039775, -0.14865281, -0.06293299, -0.10388824, -0.04482962,
        0.02314389, -0.11844675,  0.07342488,  0.12028259, -0.16423008,
        0.20318633, -0.02875601,  0.00483971,  0.03661911, -0.00536753,
       -0.00487155,  0.057196  ,  0.23591253, -0.17649315,  0.26665372,
        0.11995512, -0.01772635,  0.04306047,  0.10345029,  0.06160302,
       -0.04811325,  0.0239081 , -0.19172427, -0.21408829, -0.10292919,
       -0.08084901,  0.01510971,  0.03966824])]",12940
[],12948
"[array([-0.08423153,  0.06779195,  0.04833198, -0.038813  , -0.03406497,
        0.03545331, -0.04042573, -0.09982713,  0.12678924, -0.07210232,
        0.17997476,  0.01748059, -0.2125054 ,  0.02794196, -0.02399353,
        0.10217915, -0.13816144, -0.02265535, -0.12048808, -0.16354412,
       -0.02199195,  0.11337935,  0.09117392, -0.03949606, -0.18333142,
       -0.15334415, -0.0411896 , -0.07260565,  0.06287955, -0.1095021 ,
       -0.01761784, -0.0376773 , -0.16799456,  0.02517419,  0.06013363,
        0.02905024, -0.03923929, -0.10235308,  0.2115065 ,  0.03276625,
       -0.11097491,  0.01381294,  0.03746517,  0.19444856,  0.17224656,
       -0.00983621,  0.00593468, -0.13741568,  0.12031082, -0.26751035,
        0.10636098,  0.07221662,  0.04054284,  0.04854879,  0.00332386,
       -0.17043506, -0.03921447,  0.18629068, -0.13464811,  0.13341455,
        0.08659554, -0.05446553, -0.0955826 , -0.01132127,  0.15700968,
        0.19065519, -0.15514791, -0.17257157,  0.14672112, -0.12186109,
       -0.05650435,  0.09891874, -0.05313084, -0.17215143, -0.22599599,
        0.05501034,  0.41928118,  0.10533985, -0.17056188, -0.06283717,
       -0.08399867, -0.00079777,  0.03773198,  0.09874889, -0.13118482,
       -0.0599792 , -0.01060382,  0.04452068,  0.25521785,  0.0038622 ,
       -0.11509678,  0.19522296,  0.01811882,  0.00499238, -0.00217472,
        0.0948417 , -0.11194847, -0.0622936 , -0.07999954, -0.06077137,
        0.06440005, -0.12269229,  0.01873045,  0.20172353, -0.2075135 ,
        0.25412545, -0.03434867, -0.09302881,  0.07366879,  0.02192131,
        0.00044043,  0.03570355,  0.15747964, -0.24177787,  0.20585008,
        0.17711245,  0.09077474,  0.15935782,  0.03704552,  0.11230143,
        0.05186424,  0.096731  , -0.14408343, -0.12350772, -0.03538097,
       -0.01927396,  0.06881605,  0.04599865])]",12950
"[array([-0.08867276,  0.02446876,  0.07487158, -0.14210825, -0.15163657,
       -0.01584155, -0.02260388, -0.13549402,  0.2515493 , -0.21036451,
        0.16924293, -0.03256521, -0.18137132,  0.12772596, -0.10289614,
        0.12837389, -0.26018882, -0.09483477, -0.07174288, -0.10732097,
        0.04824377,  0.07610142,  0.03867033,  0.10315956, -0.05642673,
       -0.2956585 , -0.09715533, -0.12927878,  0.11338656, -0.0822918 ,
        0.02819657,  0.07051465, -0.18197858, -0.01084906, -0.00074458,
        0.08788727, -0.03279348, -0.16467705,  0.18553522, -0.01583713,
       -0.21938817, -0.05711156, -0.01367344,  0.24505538,  0.21100295,
       -0.04205386,  0.00995502, -0.15206043,  0.22494453, -0.26327595,
        0.08801591,  0.13991505,  0.08620287,  0.04920861,  0.05088824,
       -0.16743037,  0.05966673,  0.15083274, -0.21432227,  0.10998441,
        0.19766104, -0.10316155,  0.08144155, -0.08726227,  0.18434283,
        0.06328572, -0.14022589, -0.16616695,  0.21146905, -0.17889923,
        0.01461263,  0.1140917 , -0.16887888, -0.2509844 , -0.19845825,
        0.04019929,  0.44170836,  0.24498758, -0.04818485,  0.01096587,
       -0.12215908, -0.04322571,  0.03052378,  0.21981345,  0.01754527,
       -0.01314275, -0.06545635,  0.10204744,  0.188926  , -0.04770439,
       -0.05895539,  0.31132162, -0.04708732, -0.03473905, -0.04896948,
        0.06349046, -0.19803771,  0.05273847, -0.1281548 ,  0.02528936,
       -0.07074867,  0.00803515, -0.00597784,  0.1334963 , -0.10412464,
        0.20627859, -0.13163005, -0.02603843, -0.07004984, -0.13508025,
       -0.073504  , -0.03044509,  0.20668347, -0.19495803,  0.12048693,
        0.1361593 ,  0.15685935,  0.20930234,  0.00706866,  0.08208491,
        0.07955372, -0.09525383, -0.25061202,  0.00718455,  0.05495978,
       -0.05805824,  0.02123325,  0.0209568 ])]",12964
"[array([-0.14212571,  0.11013713,  0.10944048, -0.130437  , -0.20491445,
        0.13332526, -0.08273539, -0.03879536,  0.18930873, -0.13374537,
        0.14640941,  0.0513563 , -0.24248813,  0.06662714,  0.00269252,
        0.07051349, -0.16781135, -0.16609246, -0.0749023 , -0.11474098,
        0.01400893,  0.07714259, -0.07213901,  0.03279598, -0.17912807,
       -0.27719   , -0.07124432, -0.05121172,  0.05880236, -0.12154521,
       -0.02586042, -0.03604103, -0.16977517,  0.03139765,  0.00166425,
        0.09245153, -0.04097665, -0.09447445,  0.21190217,  0.02404455,
       -0.12845595,  0.05395453,  0.05327458,  0.25613645,  0.15842403,
        0.06114507,  0.04734359,  0.0367148 ,  0.18084244, -0.31584737,
        0.07747136,  0.16965961,  0.19219764, -0.00796079,  0.13232797,
       -0.20660949, -0.05064227,  0.11197809, -0.0955409 ,  0.21926333,
        0.06610532, -0.11821912, -0.04152531, -0.07900982,  0.2612786 ,
        0.13673346, -0.10312379, -0.16220923,  0.22653872, -0.11149213,
       -0.11346073,  0.08047604, -0.12917979, -0.11864854, -0.18257502,
        0.06050032,  0.47363159,  0.15909606, -0.21915443, -0.00062485,
       -0.04994696,  0.0174193 ,  0.01346709,  0.06788678, -0.12684971,
       -0.04971446, -0.0972925 ,  0.06875747,  0.33627242,  0.02329595,
       -0.03709831,  0.22338572,  0.10256705,  0.04347493,  0.00719942,
       -0.04235971, -0.04541158, -0.09710868, -0.0807241 ,  0.02721712,
        0.04398418, -0.10973272, -0.00763592,  0.15146269, -0.19690412,
        0.15246044, -0.05465627, -0.04756653, -0.05972758,  0.09894466,
       -0.15666629,  0.02304272,  0.21652071, -0.30243412,  0.17820531,
        0.18863952,  0.01201325,  0.10279772,  0.04882962,  0.06225671,
        0.08876882,  0.04328685, -0.11884478, -0.20165452,  0.00459594,
       -0.10362222,  0.06097632,  0.10470066])]",16373
"[array([-0.12724051,  0.02808962,  0.00175426, -0.10098905, -0.12768625,
       -0.03779105, -0.02098983, -0.07422884,  0.16205771, -0.15842602,
        0.12758297, -0.11075895, -0.2963033 ,  0.05653914, -0.15181744,
        0.19109878, -0.15037364, -0.15025429, -0.04262912, -0.07146485,
        0.13497691,  0.02141447, -0.01384053,  0.17430602, -0.07869203,
       -0.37013629, -0.0106052 , -0.09229399, -0.14126782, -0.08334288,
        0.12904726,  0.12398177, -0.21880764,  0.02910867, -0.06807736,
        0.03821333, -0.04101202, -0.07387395,  0.20885584,  0.05725649,
       -0.29646823,  0.0159792 ,  0.07181568,  0.33919337,  0.12077356,
        0.02956916,  0.02891864, -0.08601741,  0.08699121, -0.34370011,
       -0.02668925,  0.198387  , -0.04479962, -0.00369845,  0.03193126,
       -0.17073412,  0.08359893,  0.05406133, -0.22428811,  0.04765499,
        0.08614019, -0.08249507,  0.01743012, -0.08736198,  0.27339688,
        0.07966619, -0.14829859, -0.02385785,  0.17906184, -0.18079503,
       -0.007898  ,  0.09664801, -0.1461193 , -0.27423418, -0.260171  ,
        0.04660806,  0.45206359,  0.19913329, -0.04766334,  0.0930431 ,
       -0.06732969,  0.03506081,  0.09418368,  0.21333353,  0.00841158,
        0.03409406, -0.05292069,  0.14247358,  0.13619515,  0.01026366,
       -0.06238168,  0.29068094,  0.04075563, -0.07977464,  0.0024284 ,
        0.08814282, -0.14764079, -0.01648125, -0.16884474,  0.01191686,
       -0.00587439,  0.01670792,  0.01669838,  0.07910144, -0.15997636,
        0.13942106, -0.07181984, -0.08158873, -0.09245618,  0.00864988,
       -0.04353375,  0.00468599,  0.07042433, -0.19576699,  0.13229722,
        0.1344074 ,  0.09569126,  0.1823025 ,  0.05288784,  0.03041492,
       -0.00724164, -0.1040643 , -0.20993653, -0.04622538,  0.09194608,
        0.01313492,  0.11601442, -0.00399032])]",16384
"[array([-1.11431010e-01,  1.12428226e-01,  6.01017401e-02, -3.84624079e-02,
       -1.68336660e-01, -4.60220035e-03,  1.39156682e-02, -8.19043294e-02,
        1.29314527e-01,  5.62620088e-02,  2.38780126e-01, -1.04761133e-02,
       -3.25668842e-01, -1.76969290e-01,  9.67356786e-02,  1.03200354e-01,
       -1.17682315e-01, -7.66633078e-02, -1.40489206e-01, -1.07520603e-01,
       -1.61073897e-02,  1.72681622e-02,  4.62979935e-02,  7.09730992e-03,
       -2.06260487e-01, -3.04380804e-01, -1.24439158e-01, -6.81376606e-02,
        7.14294836e-02, -1.84748903e-01, -2.39240862e-02,  7.04718456e-02,
       -1.60839289e-01, -1.64014161e-01,  1.08871616e-01,  8.10281038e-02,
       -4.25294116e-02, -1.18442498e-01,  1.52674600e-01, -7.51367584e-02,
       -1.07500717e-01,  1.05332825e-02,  1.16810456e-01,  2.32433498e-01,
        2.08638281e-01,  7.77688995e-02,  1.29066529e-02, -5.32565452e-02,
        1.60393089e-01, -2.40000993e-01,  1.16486959e-01,  1.22528821e-01,
        1.51105806e-01, -5.83630614e-03,  1.40429109e-01, -2.08182529e-01,
       -1.31467357e-04,  2.10086286e-01, -2.87822247e-01,  6.31355196e-02,
        1.26665328e-02, -1.19666368e-01, -1.65160999e-01, -1.11314006e-01,
        1.29756466e-01,  1.65578231e-01, -1.23682447e-01, -1.53777391e-01,
        2.09058225e-01, -1.37848139e-01, -4.34358232e-03,  7.18609840e-02,
       -1.49419636e-01, -1.51156515e-01, -3.42228830e-01,  3.72958705e-02,
        4.09311622e-01,  1.00800402e-01, -2.63629884e-01, -4.48927954e-02,
        1.79764871e-02,  6.39231689e-03, -3.68887708e-02,  8.20725784e-02,
       -1.36483669e-01, -1.14482276e-01, -8.84054154e-02,  3.57610285e-02,
        1.28002375e-01,  3.21213529e-03,  5.12042362e-03,  2.20876440e-01,
        6.20990694e-02,  1.95042174e-02,  4.86197844e-02,  7.05034379e-03,
       -1.06561936e-01, -8.84080678e-02, -6.77345246e-02,  1.77922705e-03,
        9.66488421e-02, -1.80888087e-01,  7.03121535e-04,  1.63471282e-01,
       -1.87179476e-01,  1.59350246e-01,  2.93026157e-02, -2.37748921e-02,
       -2.76413187e-03, -9.83036458e-02, -1.64914764e-02, -1.87762186e-03,
        1.76151246e-01, -3.51161927e-01,  2.03862712e-01,  2.03785032e-01,
       -6.58171400e-02,  1.21543661e-01, -4.00473475e-02,  9.87995267e-02,
        2.93320455e-02,  2.25643292e-02, -1.37298614e-01, -1.13888770e-01,
        1.60003230e-02, -1.70784637e-01,  6.71025366e-03,  2.60866843e-02])]",16395
"[array([-0.01898954,  0.07954302,  0.18596484, -0.07229307, -0.16495784,
        0.01599026,  0.0149403 , -0.06996503,  0.06513947, -0.04120735,
        0.20829642, -0.11957021, -0.24393858,  0.14333326, -0.12581746,
        0.15647238, -0.18374622, -0.16208597, -0.08859706, -0.12989461,
       -0.03218192,  0.06890589,  0.01202914,  0.04202869, -0.15218304,
       -0.31951377, -0.03658786, -0.03776506,  0.09032632, -0.05144222,
        0.04862146,  0.04372147, -0.13078392,  0.07615157,  0.08053979,
        0.04881788, -0.08445581, -0.14913303,  0.18525147,  0.01386595,
       -0.27172458,  0.05564901,  0.18114451,  0.28474393,  0.25004157,
        0.02077983, -0.01763745, -0.05484967,  0.06229831, -0.3317056 ,
        0.06157857,  0.13587889,  0.04825021,  0.05617538,  0.08877915,
       -0.14663053, -0.02897739,  0.20731895, -0.20550638,  0.06540383,
        0.03667601, -0.0394389 ,  0.06644394, -0.08625801,  0.21743265,
        0.10722502, -0.14314058, -0.1311402 ,  0.20805822, -0.21053776,
       -0.05414586,  0.1372868 , -0.02726438, -0.13481249, -0.14973326,
        0.00162169,  0.49993891,  0.1377676 , -0.11423056,  0.0573637 ,
       -0.06648394, -0.05641911,  0.01535609,  0.0868956 , -0.07563071,
       -0.02624436, -0.10225623, -0.0251662 ,  0.24820744, -0.01414897,
       -0.01331283,  0.28739387, -0.00126536, -0.06728201,  0.05631541,
        0.06123944, -0.20113602,  0.00695286, -0.18296537, -0.1626552 ,
       -0.06257299, -0.05280816,  0.00726567,  0.10188061, -0.2510142 ,
        0.21379338, -0.0305244 , -0.04336111,  0.02321385,  0.01042698,
        0.03155298,  0.01236087,  0.20892204, -0.34322855,  0.09907064,
        0.14759788,  0.09181761,  0.12760825,  0.08188866, -0.02717164,
        0.07079664, -0.08472934, -0.13402143, -0.05610622, -0.01328516,
       -0.16221029,  0.04795076,  0.07600597])]",16405
"[array([-0.14921857,  0.11432721,  0.04843878,  0.00095779, -0.04227173,
       -0.01464554, -0.0106983 , -0.04620401,  0.1414105 , -0.00786323,
        0.24666713, -0.06554407, -0.27486783, -0.05003653, -0.02374771,
        0.07140443, -0.15924621, -0.09422677, -0.055944  ,  0.01836554,
        0.13695945, -0.11445454,  0.01614774,  0.04600115, -0.14365707,
       -0.35138214, -0.08842987, -0.06572857,  0.02936822, -0.16992103,
       -0.00527556, -0.05612949, -0.21197668, -0.05314967, -0.08383016,
        0.07169927,  0.02711434, -0.08242   ,  0.13357566, -0.06432255,
       -0.20443445, -0.02224914,  0.01769   ,  0.23335283,  0.17249702,
        0.03667501, -0.0326324 , -0.05384323,  0.13433324, -0.24201033,
        0.15096019,  0.10201621,  0.188337  ,  0.02529129,  0.11356808,
       -0.10261806,  0.03867654,  0.20965323, -0.21020108,  0.06101912,
        0.04709264,  0.00141356,  0.02859908, -0.04191424,  0.19122455,
        0.10883535, -0.12897065, -0.08552651,  0.11145121, -0.0810992 ,
        0.01706626,  0.07234006, -0.04109751, -0.22879919, -0.31684741,
        0.1045635 ,  0.38050637,  0.10232918, -0.24575326,  0.0147945 ,
       -0.1317336 , -0.03552544,  0.0670219 ,  0.02049994, -0.11055165,
        0.00945329, -0.21980199, -0.0022033 ,  0.15572189,  0.02448366,
       -0.01323698,  0.25483727, -0.01953367, -0.04138704,  0.05129487,
        0.11426727, -0.16765249,  0.01477529, -0.09859949, -0.06028443,
        0.12025494, -0.11310594, -0.0823101 ,  0.08761676, -0.21855743,
        0.08702987,  0.01943009,  0.02966862,  0.05501214, -0.05251874,
       -0.11595076, -0.05162969,  0.10807993, -0.35507029,  0.1166517 ,
        0.10194723,  0.00620229,  0.13243823,  0.06247805,  0.05450114,
        0.02742666, -0.05346873, -0.14648074, -0.01948225,  0.0853376 ,
       -0.02173458,  0.02276001,  0.04396287])]",16429
[],16434
"[array([-0.19873403,  0.10902671,  0.06795546, -0.07441238, -0.10234865,
        0.08364718, -0.01034827, -0.1108098 ,  0.13274293, -0.05768001,
        0.18220089, -0.04219679, -0.2903606 ,  0.06156193, -0.00834048,
        0.15247662, -0.19173655, -0.11262774, -0.17816326, -0.10423991,
       -0.14028324,  0.08071534, -0.0929969 ,  0.00144506, -0.04083429,
       -0.29250097, -0.05180522, -0.11446136,  0.1663774 , -0.08437651,
       -0.03099921, -0.01751473, -0.21037987, -0.05152088,  0.07148115,
        0.05396397, -0.10507016, -0.12204651,  0.22883865, -0.02761073,
       -0.13989955, -0.10035159,  0.15397187,  0.22081409,  0.08522886,
        0.03652347,  0.0371457 , -0.08590166,  0.15364777, -0.22292869,
        0.10960506,  0.13735506,  0.1413051 ,  0.15566321,  0.0713228 ,
       -0.26649776,  0.02270167,  0.10510843, -0.16650179,  0.17257255,
        0.15976033, -0.06805312, -0.08255636, -0.00696952,  0.21958663,
        0.09930565, -0.11459685, -0.20719719,  0.2223414 , -0.11910515,
       -0.00510463,  0.07284548, -0.0511191 , -0.15890785, -0.23396997,
        0.08784794,  0.40729713,  0.1437763 , -0.14572501, -0.033175  ,
       -0.05588112, -0.13782723,  0.06169693,  0.13524713, -0.09532896,
       -0.05785449, -0.03125528,  0.02696521,  0.24616879,  0.03306528,
        0.02199738,  0.16019136,  0.01954349, -0.07287102, -0.02754636,
        0.11785723, -0.16278034, -0.07307603, -0.06416439, -0.03404318,
        0.07825084, -0.0663037 ,  0.01163388,  0.15532166, -0.13895407,
        0.21282209,  0.00435675, -0.02127791, -0.00171701, -0.01421895,
       -0.0323678 , -0.0349168 ,  0.18199331, -0.21791388,  0.21968065,
        0.12445555, -0.00342795,  0.11647732,  0.04933167,  0.11544962,
        0.07750524,  0.01310594, -0.18918525, -0.18463455,  0.01539007,
       -0.03404728, -0.00488763,  0.06309352])]",16449
"[array([-0.15624356,  0.02325414,  0.07937454, -0.15483359, -0.14708002,
       -0.08564758, -0.10054329, -0.08044009,  0.15136743, -0.20833787,
        0.16775709, -0.02978878, -0.10414672, -0.0148996 , -0.01647635,
        0.22823063, -0.1594466 , -0.142832  , -0.04565396, -0.07260919,
        0.06665937,  0.01968438, -0.01907889,  0.06428893, -0.10812409,
       -0.31559354, -0.07247278, -0.08277399,  0.05435536, -0.05308941,
        0.00864544,  0.022507  , -0.20246187, -0.03177992,  0.04594166,
        0.08079261, -0.06378226, -0.09220853,  0.20567198, -0.00218373,
       -0.26271823,  0.0069227 ,  0.07737604,  0.17532943,  0.18975215,
        0.04927474,  0.0212256 , -0.13558207,  0.22397362, -0.21815296,
        0.00991237,  0.093596  ,  0.07762791,  0.02285797,  0.06503534,
       -0.09344213,  0.12403472,  0.15677631, -0.26703051,  0.03336062,
        0.07001687, -0.09959362, -0.02738791, -0.01415694,  0.27052656,
        0.08699566, -0.12726411, -0.12879734,  0.25001341, -0.10287493,
       -0.04421088,  0.04767539, -0.09766013, -0.17873207, -0.26652494,
       -0.00429582,  0.4018161 ,  0.13537224, -0.14604889,  0.08880994,
       -0.04262949, -0.03414808,  0.07360956,  0.15264212, -0.06445739,
       -0.06595195, -0.01985941, -0.01193646,  0.22096533, -0.01074759,
        0.02708778,  0.21994233,  0.04101495,  0.04240858, -0.01600427,
        0.04058946, -0.18715188, -0.02993351, -0.12536252, -0.08596022,
        0.01660372,  0.00906808,  0.01874232,  0.1858232 , -0.19617292,
        0.19151561, -0.06570246, -0.02482055, -0.03399348,  0.05427052,
       -0.04066873, -0.08742624,  0.02934543, -0.14273179,  0.15910609,
        0.17277494,  0.07331872,  0.13604663,  0.13452661,  0.02276373,
        0.04436024, -0.02109847, -0.22157235, -0.0564779 ,  0.10384586,
       -0.0541864 ,  0.08852694,  0.0424731 ])]",16467
"[array([-5.79122603e-02,  3.79384160e-02,  2.17656437e-02, -2.25112468e-01,
       -1.77698851e-01, -3.37624513e-02, -3.01752612e-02, -2.29983665e-02,
        1.98193610e-01, -1.35985389e-01,  1.78424612e-01, -6.13043793e-02,
       -2.42359132e-01, -6.43461645e-02,  1.23401619e-02,  2.13831380e-01,
       -1.73221841e-01, -1.39086992e-01, -8.36843774e-02, -5.10138609e-02,
        1.09787434e-02,  6.68559745e-02, -4.17258292e-02,  1.25708342e-01,
       -1.30265906e-01, -3.61461312e-01, -2.87466720e-02, -8.69119465e-02,
       -4.54254635e-02, -3.60846855e-02,  2.20287107e-02,  1.88804239e-01,
       -1.18135795e-01, -6.00717589e-02,  5.74822985e-02,  9.45552737e-02,
       -6.55605718e-02, -7.71929696e-02,  2.19496459e-01,  3.44652832e-02,
       -2.47349381e-01, -1.31988209e-02,  8.06304067e-02,  2.50833690e-01,
        1.40304327e-01,  1.73336491e-02,  6.34367019e-02, -2.46205144e-02,
        1.62655041e-01, -3.10126424e-01, -5.90050593e-03,  1.11874118e-01,
        9.21625942e-02,  3.34451869e-02,  1.41304672e-01, -1.40801340e-01,
        6.66611046e-02,  1.40012950e-01, -3.22096974e-01,  6.37274310e-02,
        6.09867275e-05, -1.56742692e-01,  2.99501233e-03, -1.34956807e-01,
        2.61562347e-01,  6.35337755e-02, -1.45636693e-01, -1.10083997e-01,
        2.18413010e-01, -1.40126705e-01, -1.31249875e-01,  7.17767030e-02,
       -8.08266848e-02, -1.91258818e-01, -3.39986742e-01,  8.43867380e-03,
        3.36630553e-01,  2.36959457e-01, -1.69345140e-01,  6.76209927e-02,
       -1.46403527e-02, -9.71655548e-02,  2.56511960e-02,  9.08947065e-02,
       -3.28729674e-02, -1.31525360e-02, -3.59710418e-02, -1.32030332e-02,
        2.19360933e-01, -1.48894032e-02, -2.11615972e-02,  2.95065165e-01,
        4.72545624e-02,  4.53209803e-02, -1.58784855e-02,  1.46283796e-02,
       -9.54046920e-02, -1.20612374e-03, -1.34417072e-01,  5.36709577e-02,
        3.49950120e-02, -1.16835430e-01,  2.34866999e-02,  8.68248343e-02,
       -2.16285944e-01,  1.67042971e-01, -4.52757925e-02, -5.32210991e-02,
       -1.04572058e-01,  6.65592328e-02, -1.51200175e-01, -2.06010174e-02,
        1.67370811e-01, -2.87095219e-01,  1.79408297e-01,  2.06399858e-01,
        1.07148841e-01,  1.60483465e-01,  1.00401625e-01, -3.41052040e-02,
        3.47448252e-02, -1.19589515e-01, -1.50214687e-01, -1.50480613e-01,
        1.39007300e-01, -5.75225987e-02,  1.05537392e-01,  1.18752390e-01])]",16467
"[array([-0.09029567,  0.04688943,  0.10156576,  0.00535204, -0.16090414,
       -0.00514149,  0.0262254 , -0.1597593 ,  0.16875368, -0.11119284,
        0.11655834,  0.02329436, -0.23265977,  0.01949407, -0.00210211,
        0.06514627, -0.10859711, -0.18169057, -0.05817683, -0.19402541,
       -0.04824165, -0.03192542, -0.01438606, -0.07827985, -0.13705997,
       -0.3021594 , -0.08769585, -0.08642888,  0.1116766 , -0.08595607,
        0.01242008,  0.02716233, -0.11931384, -0.05203819,  0.01859471,
        0.06363647, -0.07037912, -0.08070263,  0.24151318, -0.01477388,
       -0.14861275,  0.08807089,  0.05261125,  0.30090234,  0.16708794,
       -0.03808067,  0.0092335 , -0.11548789,  0.14794144, -0.28361297,
        0.1069997 ,  0.17306301,  0.05431581,  0.09826008,  0.12377086,
       -0.15186282,  0.02159959,  0.0832444 , -0.20320098,  0.15102321,
        0.15094993, -0.02985447, -0.01432877, -0.04668369,  0.2596662 ,
        0.15678574, -0.12205536, -0.08989222,  0.13829812, -0.14476936,
       -0.05820331, -0.03582163, -0.12536399, -0.1193983 , -0.28026524,
        0.12126315,  0.46771759,  0.14171925, -0.15540008,  0.00623332,
       -0.14784561,  0.0099674 ,  0.10101298,  0.03220344, -0.14333248,
       -0.08007573, -0.02644313,  0.02790555,  0.19959579,  0.03288734,
       -0.10574836,  0.17185859,  0.03494336,  0.02901692,  0.06143197,
        0.10408321, -0.15755887, -0.08969657, -0.18271872, -0.05100303,
        0.05687039, -0.18131456,  0.0765484 ,  0.18375248, -0.23577112,
        0.19488908,  0.00182101, -0.02002857,  0.03269951,  0.0609567 ,
       -0.1044287 ,  0.0195272 ,  0.16829219, -0.30520859,  0.29849204,
        0.19344532,  0.05621747,  0.13355809,  0.07558694, -0.00057813,
       -0.01589729,  0.03744167, -0.05041671, -0.07197816, -0.0572258 ,
        0.0142918 ,  0.0051359 ,  0.1276544 ])]",16473
"[array([-0.11581116,  0.14120352,  0.10129257, -0.01046019, -0.13873686,
        0.02634179, -0.03457241, -0.11464047,  0.1884231 , -0.13557512,
        0.19154651, -0.07565679, -0.35926062,  0.00887533, -0.03691826,
        0.2201311 , -0.08900299, -0.27475947, -0.08799618, -0.0361525 ,
        0.03932435,  0.09234206, -0.06587066,  0.03918433, -0.22182702,
       -0.28700811, -0.05849411, -0.03881498, -0.07694777, -0.10925435,
       -0.02049905,  0.06500524, -0.13816972,  0.00360853,  0.05992408,
        0.19676638, -0.0949982 , -0.17778857,  0.17722064,  0.00810493,
       -0.25547859, -0.01365178,  0.12478736,  0.24881843,  0.1156591 ,
       -0.06335341,  0.00964724, -0.11040683,  0.14587441, -0.40934074,
        0.04486922,  0.18108734,  0.06545011,  0.15242736,  0.10964997,
       -0.21056771, -0.00968226,  0.13673483, -0.1968679 ,  0.04966972,
        0.04187556, -0.07249638, -0.09670573, -0.11699695,  0.16845451,
        0.14964703, -0.14620905, -0.09478515,  0.1888196 , -0.12820119,
       -0.09429523,  0.10099013, -0.0863263 , -0.23331237, -0.24346468,
        0.07928143,  0.37982434,  0.08116814, -0.15941367,  0.07857148,
        0.03456486,  0.00974802, -0.09025779,  0.04839769, -0.05424714,
        0.03383406, -0.12367944,  0.0851007 ,  0.27605131, -0.08076909,
        0.06190652,  0.28618109,  0.02223605, -0.01074669,  0.10545696,
        0.16796289, -0.07728384, -0.0807327 , -0.17072329, -0.03803372,
        0.17980817, -0.13721643, -0.04446772,  0.04026121, -0.17296684,
        0.15272717,  0.01050344, -0.053553  ,  0.00985232, -0.05483817,
       -0.13309348,  0.01985551,  0.2206385 , -0.24681365,  0.21082115,
        0.09689262, -0.02889863,  0.15427037,  0.10542104,  0.08082265,
       -0.00233557, -0.10139633, -0.09869599, -0.18038756,  0.08919034,
        0.01996649, -0.04566207,  0.05734815])]",17052
"[array([-0.01740208,  0.04652515,  0.04620798, -0.04751708, -0.03637486,
        0.0591635 ,  0.02242673, -0.00182685,  0.1907426 , -0.11840434,
        0.24059062,  0.02710044, -0.2755895 , -0.11692138,  0.01837857,
        0.07217147, -0.09369218, -0.04780111, -0.08093403, -0.11309303,
        0.08704252,  0.00116255, -0.03090376,  0.04745815, -0.17734633,
       -0.22428325,  0.00806484, -0.11685023,  0.06893581, -0.13156362,
       -0.05578849,  0.10607103, -0.13166708, -0.06018726, -0.05872566,
        0.15596068, -0.05811226, -0.05040443,  0.16563502, -0.04259503,
       -0.10818639,  0.09234935, -0.04664291,  0.24734268,  0.16793373,
       -0.06158848,  0.05239013, -0.05113728,  0.1710732 , -0.3050409 ,
        0.03220163,  0.15828937,  0.04944751,  0.05936304,  0.11932874,
       -0.19611645, -0.03053284,  0.17140172, -0.22067334,  0.13854799,
       -0.01596093, -0.04968689, -0.05582297, -0.0655759 ,  0.0859779 ,
        0.09961464, -0.10418648, -0.19001693,  0.18191344, -0.13187914,
       -0.00313046,  0.17979392, -0.14056689, -0.20683919, -0.1598807 ,
        0.15628958,  0.34323284,  0.18436144, -0.13739286,  0.07111646,
       -0.08286466, -0.07315091,  0.0800738 ,  0.00065556,  0.05341311,
       -0.05918797, -0.10714921,  0.11571671,  0.13914694, -0.01438369,
       -0.00800605,  0.23109883,  0.02299204, -0.00834277, -0.01223801,
        0.04905095, -0.15454505,  0.07926675, -0.16872574, -0.02672748,
        0.13338032, -0.15173614,  0.02550263,  0.05132853, -0.12417466,
        0.173207  , -0.04177097,  0.02144566,  0.03535739, -0.04768128,
       -0.14114831,  0.09732248,  0.21771081, -0.27367568,  0.25265944,
        0.13490549,  0.08877719,  0.08694635,  0.09050708,  0.02096762,
        0.08000416, -0.08521986, -0.21559636, -0.06870954,  0.01256723,
       -0.03987774, -0.00480778,  0.00041474])]",17055
[],17063
[],17073
"[array([-0.11608877,  0.09278662,  0.10809281, -0.09970865, -0.17930622,
       -0.05919482, -0.0139057 , -0.02070207,  0.0826266 , -0.10789397,
        0.1176816 , -0.11670517, -0.26383439,  0.13937427,  0.00800121,
        0.21925363, -0.20679908, -0.11883712, -0.13851418, -0.05350798,
        0.05541855,  0.07371877, -0.0176065 ,  0.16174084, -0.12856917,
       -0.36100903, -0.02594901,  0.00391543,  0.0166557 , -0.05195835,
       -0.01275635,  0.06089313, -0.25998902, -0.04689282,  0.05105618,
        0.08856796, -0.04832032, -0.16150185,  0.17536955,  0.07022607,
       -0.25832412,  0.02289635,  0.08058145,  0.27876365,  0.22525504,
        0.03294608,  0.04353691, -0.06725699,  0.05713472, -0.30802566,
        0.0338729 ,  0.10968602,  0.04424334,  0.04550429,  0.01499661,
       -0.1668331 ,  0.04968385,  0.14256562, -0.27524737,  0.0420835 ,
        0.10285126, -0.13394666,  0.01541229, -0.08817215,  0.24798594,
        0.07705953, -0.12388214, -0.1114962 ,  0.17302425, -0.19769129,
       -0.01516448,  0.04210398, -0.0772523 , -0.18708159, -0.31260565,
        0.03457398,  0.32498685,  0.21442489, -0.16682068,  0.04998703,
        0.00718365,  0.01079121,  0.08243445,  0.22388844, -0.02783525,
        0.03914506, -0.02828636,  0.14780968,  0.17214109,  0.00272269,
       -0.01349714,  0.3467783 ,  0.0642442 , -0.10409596,  0.05417778,
        0.04186106, -0.1419597 , -0.07494462, -0.15555498, -0.02102556,
        0.03114317,  0.02058511,  0.02737453,  0.1621388 , -0.17926323,
        0.11926956, -0.11797627, -0.08260597, -0.05348027, -0.05376095,
       -0.07738479, -0.09831986,  0.10471424, -0.22305997,  0.0489887 ,
        0.21211794, -0.01709842,  0.11975016,  0.04669771,  0.03337595,
        0.07771614, -0.0229322 , -0.18067867, -0.01882962,  0.1553123 ,
       -0.04833775,  0.12548123,  0.02699875])]",17075
"[array([-0.09274796,  0.177394  ,  0.02118622,  0.02219646, -0.04929693,
        0.0931936 ,  0.03513465, -0.07704638,  0.16873635, -0.00561372,
        0.30665496, -0.04593502, -0.36295664, -0.0111787 ,  0.00347222,
        0.15050897, -0.20355554, -0.03362265, -0.19035149, -0.09074314,
        0.02674736,  0.06635856,  0.01825164, -0.00438894, -0.16405521,
       -0.2989223 , -0.03504919, -0.11593826,  0.04124181, -0.13708711,
        0.02760118,  0.01896585, -0.1500179 , -0.08408644,  0.03912127,
       -0.01781291, -0.04340845, -0.07225782,  0.24307811, -0.04190001,
       -0.11549944,  0.04952206,  0.10571035,  0.25365341,  0.16360007,
        0.01161592,  0.03211119, -0.09912411,  0.08970579, -0.27090234,
        0.01453193,  0.17286834,  0.12559302,  0.10505163,  0.12414198,
       -0.20117885, -0.04738458,  0.16752645, -0.13531955,  0.09327935,
        0.05453489, -0.02557169,  0.006395  , -0.04188781,  0.18818133,
        0.02901933, -0.16600278, -0.09532851,  0.13422312, -0.05856732,
       -0.05494263,  0.05112739, -0.14457713, -0.22647226, -0.33608606,
        0.08165123,  0.37811819,  0.06335616, -0.23213512,  0.00152906,
       -0.05438361, -0.05677108,  0.02335969,  0.10634281, -0.04008742,
       -0.1403674 , -0.06038085,  0.05990238,  0.20060794, -0.03402439,
       -0.01989963,  0.23133253, -0.0050576 , -0.0609223 , -0.00995496,
        0.11486141, -0.13830449, -0.05561281, -0.0878364 ,  0.04415137,
        0.03971525, -0.09699637, -0.02879536,  0.12821247, -0.18173802,
        0.13107468, -0.00481497, -0.04353582, -0.01307235, -0.03189784,
       -0.05931501,  0.06002124,  0.20090248, -0.31318986,  0.2589317 ,
        0.17832012, -0.06203436,  0.10693264,  0.01842116,  0.07097545,
        0.03039595,  0.08467249, -0.1806633 , -0.16254473,  0.01676201,
       -0.04960376, -0.01370675,  0.00499425])]",17094
"[array([-0.14201832,  0.12743354,  0.11445056,  0.00594983, -0.0884214 ,
        0.03953536, -0.02593337, -0.20090382,  0.12864003, -0.1400739 ,
        0.18157567, -0.0429953 , -0.25526243,  0.07244457, -0.04761552,
        0.1676704 , -0.09515604, -0.204494  , -0.12062098, -0.09642635,
       -0.15925248,  0.06640807, -0.02984975,  0.00903674, -0.09906399,
       -0.29166669, -0.00903624, -0.02515454,  0.04896507,  0.02550949,
       -0.03321416,  0.07771523, -0.19871685,  0.01776087,  0.0668287 ,
        0.10505171, -0.083601  , -0.06072676,  0.2683394 , -0.01149687,
       -0.231949  ,  0.02387946,  0.09606963,  0.23158121,  0.23090687,
       -0.05865494, -0.02736815, -0.12683189,  0.13873427, -0.26964283,
       -0.01975994,  0.20931351,  0.05387486,  0.06670646,  0.01406959,
       -0.17908159, -0.06792291,  0.12981653, -0.17035745,  0.00549671,
        0.06764179, -0.06844816, -0.03914918, -0.06490572,  0.12878877,
        0.09680794, -0.12085389, -0.13884644,  0.19585945, -0.12416302,
        0.0482602 ,  0.12356936, -0.08184915, -0.21673591, -0.17632459,
        0.08320381,  0.42849386,  0.08752349, -0.05228912,  0.03454271,
       -0.07824488, -0.08469039,  0.01408216, -0.01626187, -0.03426627,
       -0.17824689, -0.02594895,  0.04250304,  0.25952047,  0.00561386,
        0.00590015,  0.13161375, -0.05296595, -0.07392544, -0.02867195,
        0.19831388, -0.15967754,  0.02660355, -0.1661831 , -0.04154398,
       -0.00714634, -0.06556918,  0.07589712,  0.10270207, -0.20596173,
        0.16475534,  0.00253759, -0.0147221 ,  0.07644738,  0.00742173,
       -0.05490522,  0.00230623,  0.18035427, -0.24870715,  0.23597416,
        0.09519564, -0.06622405,  0.14616734,  0.08945718,  0.05476087,
        0.00984738, -0.02025676, -0.13671705, -0.18084778,  0.02650073,
        0.00875773,  0.04197478,  0.04039157])]",17249
[],32
"[array([-0.00724674,  0.07537673, -0.0265549 , -0.07044817, -0.17947476,
        0.04700682, -0.03222618, -0.14012732,  0.153648  , -0.02730802,
        0.1475741 ,  0.00245084, -0.23304069, -0.06395786,  0.05343932,
        0.14881015, -0.14318374, -0.21342938, -0.09630923, -0.09211469,
       -0.08661251,  0.03546463,  0.00617352,  0.057266  , -0.13311714,
       -0.29554692, -0.0594326 , -0.12236451,  0.0962386 , -0.08084494,
        0.04834643,  0.06736541, -0.16850279, -0.01775807,  0.03397961,
        0.05533775, -0.02427297, -0.09941304,  0.18745752, -0.04637866,
       -0.17320079,  0.00142732, -0.00416108,  0.27885032,  0.20976818,
       -0.0397969 ,  0.11081216, -0.04990578,  0.03231806, -0.18735617,
        0.11111784,  0.1281673 ,  0.05054736,  0.03785813, -0.02147855,
       -0.14806853, -0.01484144,  0.13353299, -0.21584348,  0.07773842,
        0.15640754, -0.03570338, -0.09756333, -0.06820378,  0.24356624,
        0.06506975, -0.1371194 , -0.18034381,  0.13813099, -0.15961614,
       -0.09511916, -0.01051744, -0.16027504, -0.13781707, -0.30391821,
        0.0620628 ,  0.42885858,  0.14106007, -0.231601  ,  0.0450495 ,
       -0.07470795,  0.04099224,  0.04514465,  0.04096773, -0.02274888,
       -0.0663427 , -0.1280272 ,  0.072629  ,  0.17905666, -0.03450104,
       -0.04476748,  0.18803726,  0.01999629, -0.07619969,  0.01918376,
        0.15278395, -0.04440364,  0.0257764 , -0.07317965, -0.01115914,
        0.11441015, -0.03090989,  0.06488514,  0.1449818 , -0.13214737,
        0.28587547,  0.01302224,  0.04815656,  0.04322112,  0.03133103,
       -0.0795703 , -0.07657267,  0.23593354, -0.23646399,  0.17803131,
        0.15054627,  0.03186162,  0.14037617,  0.02130655,  0.15045114,
       -0.02757387, -0.00789295, -0.19889298, -0.09301308, -0.00961826,
        0.00133828,  0.07324218,  0.16065595])]",3787
"[array([-0.08426191,  0.04758248,  0.08873987, -0.16287503, -0.13495754,
       -0.04738976, -0.0106198 , -0.02325352,  0.21457456, -0.15604514,
        0.19504765, -0.06530818, -0.27087334,  0.10731968, -0.02913729,
        0.18380824, -0.24819846, -0.14281291, -0.03956418, -0.07676149,
        0.01255482,  0.08553884, -0.0264721 ,  0.05341507, -0.19301543,
       -0.28670603, -0.13611124, -0.08265702, -0.07201882, -0.03976782,
        0.06883446,  0.07870724, -0.18763906, -0.03110356,  0.0575886 ,
        0.05943102, -0.10339496, -0.17160608,  0.25157589,  0.07049169,
       -0.19983186, -0.07864252,  0.06806463,  0.23414479,  0.15282537,
       -0.06160441, -0.01838032, -0.02542026,  0.13089494, -0.34034306,
       -0.03757529,  0.15301709,  0.06665535,  0.09761517,  0.05044444,
       -0.07995834,  0.12832865,  0.20586622, -0.29178199,  0.01386629,
        0.09475835, -0.22453672,  0.01713439,  0.00767547,  0.26860741,
        0.10567883, -0.13759305, -0.11671366,  0.21179232, -0.12457992,
       -0.04781832,  0.08615528, -0.09537297, -0.22449435, -0.26305607,
        0.04203251,  0.32955265,  0.14819674, -0.07271294,  0.09362105,
       -0.02576137, -0.00967763,  0.03804139,  0.16477455, -0.05361655,
        0.02195118, -0.07324644,  0.08618717,  0.19358791, -0.04458655,
       -0.01434697,  0.31151918, -0.01720192,  0.03882975,  0.08489218,
        0.03335415, -0.08956686, -0.07204986, -0.10199903,  0.07983703,
        0.0604911 , -0.02559609, -0.01688235,  0.14144747, -0.09761771,
        0.08029117, -0.10636857, -0.1015171 , -0.11343556, -0.11421639,
       -0.05017274, -0.05373818,  0.12960899, -0.27463976,  0.08497702,
        0.10929137, -0.08585326,  0.1577719 ,  0.04984347, -0.00634455,
       -0.01806064, -0.09757493, -0.20493859, -0.04595632,  0.11312194,
        0.00072357,  0.08712848, -0.014651  ])]",3792
"[array([-0.07459933, -0.01692442,  0.0627115 , -0.04404679, -0.080194  ,
       -0.04833651,  0.05380817, -0.13369022,  0.1878939 , -0.03557579,
        0.20876105, -0.07546317, -0.33510995, -0.03395518,  0.04414242,
        0.16387069, -0.1691965 , -0.20173046, -0.0324811 , -0.02028028,
        0.0172333 , -0.09076845, -0.04879692,  0.14875032, -0.20676179,
       -0.34123597, -0.15135604, -0.07836583, -0.05840199, -0.0361577 ,
        0.06787094,  0.14586963, -0.19496861, -0.01102027,  0.04337126,
        0.13524337, -0.01330237, -0.20216843,  0.15996793,  0.00509028,
       -0.27354357, -0.05561587,  0.10289996,  0.24014357,  0.17979354,
       -0.04648482,  0.05038816, -0.00449421,  0.14448699, -0.35250056,
        0.01784827,  0.1781403 ,  0.1207315 ,  0.0886164 ,  0.10698909,
       -0.1483593 ,  0.03642072,  0.14091003, -0.20493107,  0.0585978 ,
        0.05701985, -0.09416809,  0.06969327, -0.12783524,  0.20653202,
        0.11017234, -0.20729946, -0.00915079,  0.17592748, -0.18045121,
       -0.02703335,  0.08892054, -0.16766582, -0.27051154, -0.32805175,
        0.06668238,  0.44362584,  0.16463608, -0.18178333,  0.01523329,
       -0.06396793,  0.02362187,  0.01171761,  0.20255826,  0.07662238,
       -0.00932754, -0.11922381,  0.02384735,  0.26915658, -0.02531496,
        0.05615266,  0.33357292, -0.03730901, -0.00084541, -0.02377412,
        0.10355219, -0.05249298, -0.04412214, -0.06802922,  0.06060294,
       -0.02857788, -0.01573394,  0.00241784,  0.07712233, -0.14725499,
        0.08978029,  0.02888331, -0.00398239, -0.02676903, -0.0300979 ,
       -0.05306962, -0.05726074,  0.11023862, -0.35141194,  0.13209482,
        0.14179942, -0.0635653 ,  0.09445369, -0.07146917,  0.09731815,
       -0.0123933 , -0.15152755, -0.09824646, -0.05896663,  0.02817233,
       -0.04462981, -0.05868167, -0.012616  ])]",3794
"[array([-0.09874275,  0.11183607,  0.03994317, -0.02792895, -0.08922289,
        0.05379264, -0.08842737, -0.02814911,  0.19455361, -0.08858669,
        0.28889713,  0.08698595, -0.20621128, -0.05214103,  0.0343314 ,
        0.08138919, -0.16011032, -0.04318082, -0.06977835, -0.06515516,
        0.02992863,  0.06624319,  0.07067277,  0.02569631, -0.18456036,
       -0.29047805, -0.07463545, -0.11340977,  0.04397078, -0.15056962,
       -0.07003113, -0.06485419, -0.12291987, -0.03816254,  0.04377359,
        0.04801551, -0.06568461, -0.04533521,  0.19117154,  0.01133564,
       -0.13123205, -0.01500482,  0.03368854,  0.2723313 ,  0.1739237 ,
        0.01662107,  0.03421845, -0.09095824,  0.12441137, -0.24708895,
        0.18554664,  0.11772802,  0.15302955,  0.0698393 ,  0.11934755,
       -0.15718247, -0.06203999,  0.20270577, -0.13385721,  0.12005712,
        0.11354246,  0.00671604, -0.092976  , -0.09354441,  0.18298416,
        0.12962154, -0.1981595 , -0.17373118,  0.07573533, -0.10000072,
       -0.05150555,  0.13896094, -0.09960026, -0.2594761 , -0.22083119,
        0.106388  ,  0.37354738,  0.20475051, -0.21282446, -0.07615712,
       -0.09448327, -0.04595701,  0.0118084 ,  0.07830717, -0.03433398,
       -0.03252439, -0.07177965,  0.04817035,  0.13546029, -0.00064647,
       -0.00760884,  0.24647979,  0.03360471,  0.01371092, -0.02642953,
        0.09697496, -0.13807905,  0.00738688, -0.09719045, -0.01036838,
        0.0119014 , -0.08466087, -0.00227575,  0.08496554, -0.18169066,
        0.22332795,  0.00389288, -0.02280485,  0.04997768,  0.00694605,
       -0.09439698, -0.04466731,  0.14882649, -0.33549604,  0.15011314,
        0.14885074,  0.10314094,  0.18632156,  0.03284924,  0.10993245,
        0.03724621, -0.01593138, -0.17418431, -0.06441083, -0.03749258,
       -0.05989562,  0.00682572,  0.01822276])]",48980
"[array([ 8.74746591e-03,  1.42770242e-02,  5.03574759e-02, -9.08369422e-02,
       -3.25280093e-02, -6.62188902e-02, -2.01329533e-02, -1.72629356e-01,
        2.13845879e-01, -1.22367464e-01,  2.33483866e-01, -3.17009091e-02,
       -1.76150307e-01, -2.79693101e-02, -1.49807595e-02,  1.64818570e-01,
       -1.84621349e-01, -1.28355235e-01, -3.79584506e-02, -2.08536386e-02,
        1.02096684e-02, -1.66698843e-02,  8.51389766e-02,  9.02816504e-02,
       -1.72821715e-01, -3.09149384e-01, -1.17962375e-01, -2.01029539e-01,
       -3.86314839e-02, -7.14604110e-02,  5.31308241e-02,  9.74096581e-02,
       -1.65927514e-01,  4.66739684e-02,  4.72392961e-02,  4.15572599e-02,
        2.08986104e-02, -7.95337483e-02,  1.69020966e-01, -3.40227224e-02,
       -2.43202269e-01, -4.74406406e-02,  3.36510800e-02,  2.15170339e-01,
        2.18169689e-01, -1.01771355e-02,  1.42903365e-02, -9.57946628e-02,
        6.48837611e-02, -1.94133669e-01,  4.39193249e-02,  1.15624191e-02,
        1.09107524e-01,  3.66013423e-02,  9.15596262e-03, -1.39328673e-01,
        4.34056148e-02,  7.92684257e-02, -1.89588428e-01, -4.52909209e-02,
        1.00438759e-01, -6.72997907e-02, -6.69597983e-02, -3.04274037e-02,
        3.57495844e-01,  1.08294398e-01, -2.41874859e-01, -2.90162824e-02,
        1.41270936e-01, -1.59190297e-01, -2.33973823e-02,  3.17315310e-02,
       -1.53603703e-01, -1.44438550e-01, -2.57044077e-01, -5.63061051e-02,
        4.21695173e-01,  8.18766952e-02, -2.42664739e-01,  1.46808289e-03,
       -1.73276380e-01,  9.33316424e-02, -9.39286314e-03,  1.31297737e-01,
       -4.25357409e-02,  3.41144353e-02, -4.56204340e-02, -6.10058475e-03,
        1.80416167e-01, -6.29901141e-02, -3.76895070e-04,  2.41995066e-01,
       -7.42916614e-02,  1.17340088e-02, -3.69609781e-02, -1.36368843e-02,
       -5.92210703e-02, -2.63595209e-02, -9.44343954e-02, -2.91303378e-02,
       -4.70428653e-02,  4.17809151e-02, -1.73003767e-02,  1.60227701e-01,
       -2.71588027e-01,  1.95214763e-01,  2.41617896e-02, -3.97755802e-02,
        1.07921943e-01,  5.71528859e-02, -2.79953200e-02, -1.23989165e-01,
        1.41569629e-01, -3.05711061e-01,  1.04890540e-01,  1.42533556e-01,
        8.35644826e-02,  1.47237659e-01, -3.08493953e-02,  1.03506222e-01,
       -6.44723773e-02, -2.34371871e-02, -2.49858618e-01,  2.28944179e-02,
        9.16101784e-02, -7.31353685e-02,  5.62960766e-02, -1.06429402e-02])]",48992
"[array([-0.13851151,  0.06740403,  0.07016347, -0.10716929, -0.11901243,
       -0.06476164, -0.04101749, -0.09606688,  0.20029001, -0.10849509,
        0.18793197, -0.09447017, -0.29906055,  0.02194394, -0.06608175,
        0.12695424, -0.16941956, -0.06394399, -0.16414009, -0.07364609,
        0.15674618,  0.07872129,  0.02967668,  0.10319948, -0.19107661,
       -0.22867917, -0.06761611, -0.09745575, -0.0903431 , -0.22070618,
        0.11383294,  0.07474086, -0.18522659,  0.01909465, -0.0724    ,
        0.08339267,  0.03739776, -0.12327978,  0.14977214, -0.05800896,
       -0.21696784, -0.12999827,  0.05482135,  0.21197115,  0.18998237,
        0.01411106,  0.01713113, -0.05387182,  0.13324824, -0.35389888,
       -0.02996299,  0.12352739, -0.0427486 ,  0.08991093,  0.11234589,
       -0.21692148,  0.03422085,  0.14521176, -0.12011094,  0.11673941,
        0.05296922, -0.1643497 , -0.00766895, -0.06802947,  0.27522168,
        0.03728089, -0.18989797, -0.09304187,  0.16620649, -0.16518068,
       -0.06354482,  0.16571042, -0.13122799, -0.22097325, -0.3223739 ,
       -0.00912999,  0.39172158,  0.08980823, -0.18790172,  0.02416922,
       -0.13400735,  0.01936153, -0.01014509,  0.14233156,  0.05344966,
        0.04286712, -0.15106222,  0.08681735,  0.28164291, -0.09254044,
        0.02815126,  0.38251463,  0.00564822, -0.06511816, -0.04895931,
        0.08409841, -0.09877358, -0.02436215, -0.02404361,  0.08843184,
        0.14531861, -0.08269532, -0.05702991,  0.07796214, -0.14611697,
        0.14253595, -0.04267503, -0.01457295, -0.07736994, -0.10635549,
       -0.12555552, -0.00264759,  0.23792176, -0.29534039,  0.18714015,
        0.18208413,  0.03109562,  0.15666506, -0.02621835,  0.15675054,
        0.0237129 , -0.02193628, -0.11223641, -0.07662252,  0.04713778,
       -0.02989913, -0.03354339,  0.04096698])]",5195
"[array([-0.09497851,  0.11412579,  0.06308301, -0.07765918, -0.09643915,
       -0.10714372,  0.02562989, -0.03073392,  0.09684774, -0.01650403,
        0.27884081,  0.0359145 , -0.26817057, -0.16306534,  0.01017932,
        0.18651429, -0.13379437, -0.14628606, -0.11089939, -0.00596023,
        0.06487691, -0.00068448,  0.02431824, -0.00875567, -0.04849314,
       -0.35658631, -0.08641376, -0.02983838,  0.06846418, -0.08666082,
        0.09074214,  0.1225109 , -0.13121931, -0.05426055,  0.0307119 ,
        0.09922174, -0.15248604, -0.07795707,  0.24187693,  0.04845063,
       -0.19867945, -0.00503273,  0.02467957,  0.3352679 ,  0.212819  ,
        0.00859992,  0.12156739, -0.01230618,  0.0451737 , -0.28815261,
        0.0642032 ,  0.1203631 ,  0.11544268,  0.1157997 ,  0.03932641,
       -0.16932419,  0.03455816,  0.16651107, -0.34159231,  0.07607594,
        0.04476393, -0.15674986, -0.12376707, -0.08397701,  0.24057002,
        0.16096924, -0.18528742, -0.15475197,  0.22436291, -0.1791153 ,
       -0.08689457,  0.08947685, -0.1406744 , -0.15633987, -0.30287951,
        0.03499229,  0.30989364,  0.12420248, -0.14212616, -0.03275739,
        0.01028359, -0.00736817, -0.00155894,  0.10061847, -0.10086168,
        0.01229994, -0.09580999,  0.00467879,  0.1462909 , -0.00114514,
       -0.11975104,  0.25175139,  0.05098428,  0.03684225,  0.03515743,
        0.01617558,  0.03693994, -0.05319332, -0.16650009, -0.01761025,
        0.00482652, -0.18462977, -0.03193828,  0.0510014 , -0.06662837,
        0.20212601,  0.01475822,  0.08942063, -0.09232116, -0.05952467,
       -0.13321254,  0.02533944,  0.15266924, -0.23183602,  0.30445224,
        0.24037215,  0.10861434,  0.08534259,  0.13884027, -0.00055467,
        0.01263329, -0.12984006, -0.15918574, -0.04772437,  0.04607531,
       -0.03252218,  0.11510622,  0.06686815])]",5197
"[array([-0.07250402,  0.15839183, -0.02589669, -0.03809442,  0.00268096,
       -0.01331016,  0.03243372, -0.07274466,  0.15666454,  0.07680873,
        0.31509465,  0.02642924, -0.23903394, -0.13801473,  0.030584  ,
        0.06659777, -0.16862378, -0.00835703, -0.05620808, -0.02574503,
        0.15256305,  0.05420689,  0.05612728,  0.02799744, -0.0981518 ,
       -0.30366662, -0.08350944, -0.08186164,  0.07761935, -0.05730219,
        0.02016158,  0.05642847, -0.18235776, -0.0963822 ,  0.05552294,
       -0.02430993, -0.06445614, -0.03982586,  0.16235971, -0.02739644,
       -0.08469178, -0.02540324,  0.0273276 ,  0.26128876,  0.18024412,
        0.03388298,  0.02780273, -0.14062399,  0.02798968, -0.24989843,
        0.05064977,  0.18003364,  0.03821749,  0.06777673,  0.06696727,
       -0.18387257, -0.0055184 ,  0.10030797, -0.20094514,  0.04834205,
        0.02433323, -0.03831183, -0.07887013, -0.14313826,  0.10951218,
        0.07454055, -0.12351543, -0.14892647,  0.09105732, -0.11321689,
       -0.04642621,  0.07795524, -0.13227129, -0.27330393, -0.29605672,
        0.04713733,  0.30748054,  0.16666478, -0.1912595 ,  0.03417686,
       -0.08983189,  0.01006029,  0.10228823, -0.00439305, -0.05639096,
       -0.04109384, -0.10614306,  0.05754133,  0.13107315, -0.06262612,
       -0.03108225,  0.27327505, -0.03635591,  0.04357886,  0.01101206,
        0.07619963, -0.02741632,  0.06448077, -0.14197734,  0.05173569,
        0.05165131, -0.13256866,  0.02064314,  0.12216067, -0.19953905,
        0.1195658 ,  0.05952873,  0.01500481,  0.01983652, -0.10314876,
       -0.12112571,  0.01380709,  0.15236075, -0.27690107,  0.27608171,
        0.19067329,  0.04670618,  0.16127831,  0.04423959,  0.07006646,
       -0.02245831, -0.08943143, -0.19761509, -0.00635857,  0.03787368,
       -0.01247943, -0.04446418, -0.01800525])]",5212
"[array([-1.59018874e-01,  1.46403551e-01,  1.19483218e-01, -1.63563546e-02,
       -1.18685238e-01,  4.90029808e-04, -2.73707639e-02, -1.72895268e-01,
        1.91856787e-01, -9.45855752e-02,  8.51937383e-02,  3.18633858e-04,
       -3.19194704e-01,  8.00419450e-02, -9.75617617e-02,  1.72264829e-01,
       -1.18580855e-01, -2.42506966e-01, -3.64346392e-02, -6.84754774e-02,
       -3.41596119e-02,  6.07424900e-02, -1.37036312e-02,  5.79334758e-02,
       -1.15479708e-01, -2.59304166e-01, -1.10585772e-01,  1.07420254e-02,
       -6.80901036e-02, -8.66019577e-02,  1.22297101e-01,  1.09575830e-01,
       -8.13715532e-02,  7.71527216e-02,  4.75876220e-02,  9.60736126e-02,
       -2.22775601e-02, -1.84392080e-01,  1.04940154e-01,  4.56454940e-02,
       -2.66685307e-01, -8.81672427e-02,  3.51772532e-02,  3.70920599e-01,
        2.25201786e-01, -3.67072374e-02, -1.69621818e-02, -1.56051293e-01,
        1.76965103e-01, -3.13361257e-01, -4.05542143e-02,  1.52877182e-01,
        5.72247691e-02, -9.61587764e-04,  9.34268981e-02, -1.51880309e-01,
        4.70298491e-02,  7.34379068e-02, -1.55612364e-01,  1.77188218e-02,
        3.60581242e-02, -1.28286004e-01,  3.42523400e-03, -1.89480916e-01,
        1.46918118e-01,  8.48680660e-02, -1.65149197e-01, -8.84538516e-02,
        2.20415130e-01, -1.88690722e-01, -8.54282826e-02,  1.44133568e-01,
       -1.34778768e-01, -2.20292330e-01, -3.18882883e-01, -4.03449535e-02,
        4.96845514e-01,  1.55623302e-01, -1.00537740e-01, -2.22613942e-03,
        1.14888866e-02,  6.49758801e-02, -7.02019036e-02,  2.50817716e-01,
       -1.21461034e-01, -5.40449582e-02, -1.00259230e-01, -1.47635918e-02,
        2.85954595e-01, -1.52597604e-02, -1.12833090e-01,  2.07196444e-01,
       -1.05168084e-02, -3.43487002e-02, -8.70302599e-03,  1.04543746e-01,
       -8.06845278e-02, -3.84467356e-02, -1.23280853e-01, -9.49227735e-02,
       -1.67179760e-03, -5.97089604e-02, -7.44508859e-03,  1.85582370e-01,
       -1.72733873e-01,  1.87558532e-01,  1.90591514e-02,  2.67505553e-03,
        2.52348389e-02, -1.40119204e-02, -4.42874059e-02,  5.71736973e-03,
        1.95579067e-01, -2.52021372e-01,  8.15445781e-02,  1.75061628e-01,
        3.53125334e-02,  1.02595277e-01, -1.86115000e-02,  1.07842006e-01,
       -6.36696666e-02, -4.28190529e-02, -6.87497407e-02, -1.11276887e-01,
        4.17804532e-03, -7.08097965e-02, -1.28108226e-02,  7.72446161e-03])]",59486
"[array([-0.07414828,  0.07063194,  0.13849987, -0.07481977, -0.06099844,
       -0.00473801,  0.02882317, -0.14724143,  0.13216023, -0.13362677,
        0.21755007, -0.0706845 , -0.26962382, -0.05759754, -0.05116691,
        0.15497208, -0.16136056, -0.25225061, -0.03154904, -0.07840774,
       -0.06684445,  0.01545948,  0.03155559,  0.07095276, -0.14537728,
       -0.37334406, -0.09722235, -0.1805743 , -0.0768807 , -0.02544954,
        0.04965278,  0.16920741, -0.21396802,  0.01790754, -0.00698715,
        0.07191028,  0.03795841, -0.03211731,  0.11248179,  0.01216694,
       -0.25981799, -0.03524747,  0.04702644,  0.28433159,  0.20205022,
       -0.04131381, -0.00297754, -0.07103906,  0.0629926 , -0.20457475,
        0.04453227,  0.08910586,  0.16241416,  0.04650743,  0.00378232,
       -0.20280242,  0.0120454 ,  0.01159264, -0.12951085, -0.0346713 ,
       -0.03900729, -0.06999175,  0.00570325, -0.06428108,  0.3353155 ,
        0.09989774, -0.12407232, -0.08698347,  0.25769353, -0.15835071,
       -0.03346478,  0.09380457, -0.17055713, -0.09067587, -0.24382243,
       -0.01996407,  0.3831811 ,  0.0316304 , -0.2026111 ,  0.10154659,
       -0.19785434,  0.06349561, -0.06668048,  0.16866216, -0.0858445 ,
        0.14060128, -0.02837664, -0.02786474,  0.21285406, -0.05004604,
       -0.08070114,  0.26159242, -0.0751045 ,  0.03956653,  0.14755149,
       -0.06994336, -0.0031857 , -0.04165632, -0.16259973, -0.06180373,
       -0.07401922, -0.0953384 , -0.07390408,  0.08268786, -0.27309996,
        0.13764019,  0.03106475,  0.03447263,  0.04817991,  0.05494918,
       -0.00748198, -0.09106081,  0.21787201, -0.33559865,  0.16039746,
        0.14715774,  0.01537173,  0.17923124,  0.05488203,  0.07767419,
       -0.07144867, -0.08244349, -0.16990058,  0.01335166,  0.16693662,
       -0.10985515,  0.02062769,  0.05372977])]",59487
"[array([ 0.01175574,  0.14287229,  0.07737909, -0.01251771, -0.05928465,
        0.05119382, -0.03163218, -0.10336439,  0.14753602, -0.1271148 ,
        0.2842274 ,  0.02531713, -0.241144  , -0.03719033, -0.04131915,
        0.11581467, -0.19477159, -0.06957836, -0.09795285, -0.06670464,
        0.06059816,  0.11317186, -0.0311721 , -0.03026856, -0.05650678,
       -0.37311772, -0.01170612, -0.07653433,  0.13553637, -0.18999332,
        0.01084261,  0.05296054, -0.0985315 ,  0.0375746 , -0.0238927 ,
        0.01842226, -0.10047712, -0.0947589 ,  0.19271189,  0.04716551,
       -0.13308039,  0.0277298 , -0.00704561,  0.27993461,  0.15251786,
       -0.03444631,  0.03283127, -0.09794764,  0.10347322, -0.25161394,
        0.00785764,  0.1058436 ,  0.06458122,  0.14154324,  0.14003494,
       -0.21589625, -0.00679896,  0.03720044, -0.17858145,  0.09956065,
        0.0312581 , -0.12380022, -0.06245041, -0.04927505,  0.16294862,
        0.0759486 , -0.05060231, -0.16273345,  0.14752027, -0.16025609,
       -0.11270989,  0.06116826, -0.04238429, -0.11533633, -0.20484737,
        0.01447234,  0.30298576,  0.14531662, -0.21739151,  0.02580152,
        0.00797083, -0.04862387,  0.13348131,  0.06655055, -0.05415087,
       -0.02108251, -0.07732116,  0.03173321,  0.13663043,  0.00135948,
       -0.04566871,  0.23995399, -0.02592009,  0.01667541,  0.0879558 ,
        0.0123657 , -0.11182415,  0.0249095 , -0.09781125, -0.05372423,
        0.10888281, -0.15952383, -0.00166945,  0.09023483, -0.16890994,
        0.23143372, -0.02249226,  0.02940123,  0.11976415,  0.00157734,
       -0.08466951,  0.05256871,  0.20568167, -0.29774714,  0.28500065,
        0.17055085,  0.04446013,  0.14087722,  0.02795837,  0.07104793,
       -0.04664867, -0.04496446, -0.20420572, -0.09934618, -0.02900853,
       -0.03079332, -0.05218497, -0.00509433])]",59488
"[array([-0.09466615,  0.08707009,  0.0885587 , -0.18597905, -0.1325548 ,
       -0.02641335, -0.02048513, -0.08636384,  0.15221332, -0.17156142,
        0.19882065,  0.02837646, -0.19724756, -0.05066395, -0.01217647,
        0.17677534, -0.16031313, -0.2236982 , -0.0835539 , -0.0484508 ,
        0.04879969,  0.0218416 , -0.09134402,  0.09251581, -0.07906398,
       -0.31680405, -0.06797325, -0.01913944, -0.04356709, -0.0247125 ,
        0.065063  ,  0.10358587, -0.20989366,  0.02557973,  0.02208503,
        0.10605686, -0.04598523, -0.05919371,  0.13303815,  0.05888537,
       -0.24955903, -0.02919527,  0.08424877,  0.20242396,  0.23694974,
        0.03069004, -0.01147679, -0.01793521,  0.20066208, -0.31544176,
        0.0932159 ,  0.17246833,  0.09309587,  0.095309  ,  0.12832405,
       -0.15379433,  0.02779395,  0.16193447, -0.22330131,  0.08529479,
        0.01567845, -0.2056247 , -0.04073193, -0.16856109,  0.14096595,
        0.11679455, -0.13920066, -0.12916784,  0.29270786, -0.14561601,
       -0.10822798,  0.08068024, -0.13101968, -0.16702539, -0.28777373,
        0.05978651,  0.33748528,  0.24879794, -0.10648542, -0.00593018,
        0.00910857, -0.00919847, -0.02857718,  0.12895612,  0.01922366,
       -0.07377036, -0.04389718,  0.01738575,  0.17146729,  0.05746536,
       -0.0117474 ,  0.32888773, -0.07001688,  0.03097787, -0.05543208,
        0.0658707 , -0.07093562, -0.00836816, -0.1245679 , -0.00469024,
       -0.05432647, -0.07353201, -0.02831957,  0.12900028, -0.12852244,
        0.12970552, -0.08146096,  0.08250704, -0.09083144,  0.01118977,
       -0.05216556, -0.01950211,  0.08596791, -0.18944067,  0.22450779,
        0.1760321 ,  0.02881497,  0.09822742,  0.05601932,  0.0429419 ,
        0.04472005, -0.21791735, -0.21460585, -0.11211681,  0.0440857 ,
       -0.06076425, -0.00530519,  0.0850653 ])]",59490
"[array([ 0.03771538,  0.00238533,  0.10131609, -0.04406963, -0.11289776,
       -0.01294363,  0.04192556, -0.17826511,  0.14561498, -0.19292308,
        0.09408938, -0.16650556, -0.2119526 , -0.04248127, -0.01881312,
        0.07968099, -0.06658152, -0.29822937, -0.06794822, -0.07030507,
        0.02748008,  0.0350465 , -0.06080326,  0.02397802, -0.13547173,
       -0.33513087, -0.04317651, -0.04230498,  0.02705893, -0.04603934,
        0.02022842,  0.1375739 , -0.29018074,  0.0163476 , -0.00400949,
        0.15652467, -0.07881959, -0.13593937,  0.2062808 ,  0.01140072,
       -0.21203201,  0.05634926,  0.06538828,  0.20283288,  0.23847349,
       -0.09906361, -0.02809476, -0.06072376,  0.0935589 , -0.24727803,
       -0.03170748,  0.25193027,  0.13790658,  0.08354432,  0.00929821,
       -0.06498985, -0.01117618,  0.14902049, -0.27987075,  0.08173212,
        0.07213334, -0.12125398, -0.03399291, -0.05474249,  0.16107778,
        0.02772613, -0.09571884, -0.14150073,  0.19263403, -0.23165213,
       -0.05580672,  0.08414421, -0.1363153 , -0.16918856, -0.2207206 ,
        0.05906615,  0.39987177,  0.13452728, -0.12092404,  0.07648235,
       -0.11204997, -0.00819053, -0.00448644,  0.03607666,  0.04086838,
       -0.08482184, -0.09228996,  0.09796185,  0.22042282, -0.02075938,
       -0.03530545,  0.18937321, -0.03487422, -0.07464769, -0.04714747,
        0.00154632, -0.09895527,  0.00719088, -0.16222835, -0.07572849,
       -0.05232844, -0.03485498,  0.01112401,  0.15564935, -0.16948922,
        0.15330008, -0.04047684, -0.08897498,  0.01530958, -0.05623251,
       -0.08023043, -0.0319587 ,  0.12961923, -0.28752986,  0.13180935,
        0.12272767,  0.05084092,  0.11918393,  0.02261816,  0.04487147,
        0.0456175 , -0.07842364, -0.19237347, -0.10559022,  0.01202569,
        0.07680704,  0.03119582,  0.03900735])]",7
"[array([-0.14020701, -0.04886242,  0.05396815, -0.04773307, -0.20180303,
       -0.05591827, -0.02745338, -0.05502271,  0.06901294, -0.19332331,
        0.18074036, -0.04476337, -0.24075735,  0.00302889,  0.03252339,
        0.18112597, -0.13707082, -0.07218596, -0.13499928, -0.09909309,
       -0.02234447,  0.07515726, -0.02554141,  0.05265869, -0.0602901 ,
       -0.28139493, -0.05979034, -0.08740157,  0.00170798, -0.0587801 ,
       -0.04619491,  0.09653828, -0.09893931,  0.0286539 ,  0.06997558,
        0.10170488, -0.0969227 , -0.16038802,  0.16307035, -0.01893188,
       -0.15088631, -0.08465099,  0.01837498,  0.0986404 ,  0.1739576 ,
       -0.01177437,  0.03151488, -0.10485573,  0.18231384, -0.32478365,
        0.00527928,  0.11226164,  0.0353756 ,  0.02200362,  0.11819623,
       -0.1387057 ,  0.04430123,  0.11231217, -0.2055195 , -0.0152247 ,
        0.01561608, -0.09753483, -0.08905104, -0.07558107,  0.18997434,
        0.1759001 , -0.1086842 , -0.11508347,  0.20364213, -0.19081052,
       -0.07451349,  0.03372524, -0.09061842, -0.21859807, -0.17985855,
        0.03910951,  0.38630158,  0.1674113 , -0.11739416,  0.04848313,
        0.0142628 , -0.07621539,  0.09256722,  0.09620458, -0.07661414,
       -0.09331622, -0.03975165,  0.06209541,  0.19550452, -0.0767058 ,
        0.02000116,  0.20434219,  0.00345066,  0.01836756,  0.06415661,
       -0.01815765, -0.04741766, -0.03546949, -0.06147086,  0.01071413,
        0.11530722, -0.11880314,  0.00269512,  0.04484738, -0.08599496,
        0.09721734, -0.10791216, -0.06179791, -0.01072904, -0.12638023,
       -0.14521749,  0.03152799,  0.1226903 , -0.18883558,  0.18251471,
        0.09875742, -0.019525  ,  0.1853631 ,  0.06805691,  0.08167268,
        0.03396497, -0.07368133, -0.15953855, -0.10008343,  0.14140692,
        0.01120489,  0.00424423, -0.02935284])]",9
